[
  {
    "Timestamp": 0,
    "Voltage": 0,
    "Current": 0,
    "Resistance": 0,
    "Battery": 0,
    "Starter": 0,
    "Alternator": 0,
    "Fuel /Oil  level/ Pressure": 0,
    "Braking pedal position": 0,
    "Accelerator pedal position and kick down": 0,
    "Brake pad condition and brake pedal temperature": 0,
    "Door interlock": 0,
    "Kneeling interlock (wherever provided)": 0,
    "Gas leakage detection (wherever provided)": 0,
    "Fire detection/suppression (wherever provided)": 0,
    "Engine CAN status": 0,
    "Engine oil pressure,": 0,
    "Engine coolant temperature,": 0,
    "Engine speed in RPM,": 0,
    "Vehicle speed": 0,
    "Diagnostic message": 0,
    "Transmission CAN status": 0,
    "Transmission output shaft speed": 0,
    "Transmission input shaft speed": 0,
    "Transmission current gear": 0,
    "Transmission oil filter restriction switch": 0,
    "Transmission oil life remaining": 0,
    "Transmission service indicator": 0,
    "Transmission sump oil temperature": 0,
    "Transmission oil level high / low": 0,
    "Hydraulic retarderoil temperature": 0,
    "Accelerator pedal": 0,
    "Drivers demand of engine torque percentage": 0,
    "Actual engine torque percentage": 0,
    "Engine and retarder torque": 0,
    "Engine speed": 0,
    "Source address controlling device": 0,
    "Engine starter mode": 0,
    "Engine demand torque percentage": 0,
    "Accelerator pedal 2 low Idle switch": 0,
    "Road speed limit status": 0,
    "Accelerator pedal kickdown switch": 0,
    "Accelerator pedal low Idle Switch": 0,
    "Accelerator pedal position": 0,
    "Percent load at current speed": 0,
    "Remote accelerator pedal position": 0,
    "Accelerator pedal position 2": 0,
    "Vehicle acceleration rate limit status": 0,
    "Engine temperature": 0,
    "Engine coolant temperature": 0,
    "Fuel temperature": 0,
    "Engine oil temperature": 0,
    "Turbo oil temperature": 0,
    "Engine intercooler temperature": 0,
    "Engine intercooler thermostat opening": 0,
    "Engine fluid level pressure": 0,
    "Fuel delivery pressure": 0,
    "Extended crankcase blow by pressure": 0,
    "Engine oil level": 0,
    "Engine oil pressure": 0,
    "Crankcase pressure": 0,
    "Coolant pressure": 0,
    "Coolant level": 0,
    "Latitude": 0,
    "Longitude": 0
  }
]
